{
  "datacenters" : [
	{
	  "name": "dc1"
	},
  ],
  "nodes" : [
      {
      "name": "gw1",
      "type" : "gateway",
      "iops" : 1000000000,
      "upports" : 1,
      "downports" : 2,
      "bw" : 12500000,
	  "datacenter": "dc1",
    },
    {
      "name": "gw2",
      "type" : "gateway",
      "iops" : 1000000000,
      "upports" : 1,
      "downports" : 2,
      "bw" : 12500000,
	  "datacenter": "dc1",
    },
    {
      "name": "inter1",
      "type" : "intercloud",
      "iops" : 1000000000,
      "upports" : 0,
      "downports" : 2,
      "bw" : 12500000,
	  "datacenter": "dc1",
    },
    {
      "name": "inter2",
      "type" : "intercloud",
      "iops" : 1000000000,
      "upports" : 0,
      "downports" : 2,
      "bw" : 12500000,
	  "datacenter": "dc1",
    },

  
    {
      "name": "core",
      "type" : "core",
      "iops" : 1000000000,
      "upports" : 0,
      "downports" : 2,
      "bw" : 12500000,
	  "datacenter": "dc1",
    },
    {
      "name": "edge1",
      "type" : "edge",
      "iops" : 1000000000,
      "upports" : 1,
      "downports" : 4,
      "bw" : 12500000,
	  "datacenter": "dc1",
    },
    {
      "name": "edge2",
      "type" : "edge",
      "iops" : 1000000000,
      "upports" : 1,
      "downports" : 4,
      "bw" : 12500000,
	  "datacenter": "dc1",
    },
    
    
    {
      "name": "host01",
      "type" : "host",
      "pes" : 1,
      "mips" : 30000000,
      "ram" : 10240,
      "storage" : 10000000,
      "bw" : 12500000,
	  "datacenter": "dc1",
    },
     {
      "name": "host02",
      "type" : "host",
      "pes" : 1,
      "mips" : 30000000,
      "ram" : 10240,
      "storage" : 10000000,
      "bw" : 12500000,
	  "datacenter": "dc1",
    },
    {
      "name": "host03",
      "type" : "host",
      "pes" : 1,
      "mips" : 30000000,
      "ram" : 10240,
      "storage" : 10000000,
      "bw" : 12500000,
	  "datacenter": "dc1",
    },
    {
      "name": "host04",
      "type" : "host",
      "pes" : 1,
      "mips" : 30000000,
      "ram" : 10240,
      "storage" : 10000000,
      "bw" : 12500000,
	  "datacenter": "dc1",
    },
	
	
	{
      "name": "2core",
      "type" : "core",
      "iops" : 1000000000,
      "upports" : 0,
      "downports" : 2,
      "bw" : 12500000,
	  "datacenter": "dc1",
    },
    {
      "name": "2edge1",
      "type" : "edge",
      "iops" : 1000000000,
      "upports" : 1,
      "downports" : 4,
      "bw" : 12500000,
	  "datacenter": "dc1",
    },
    {
      "name": "2edge2",
      "type" : "edge",
      "iops" : 1000000000,
      "upports" : 1,
      "downports" : 4,
      "bw" : 12500000,
	  "datacenter": "dc1",
    },
    {
      "name": "2host01",
      "type" : "host",
      "pes" : 1,
      "mips" : 30000000,
      "ram" : 10240,
      "storage" : 10000000,
      "bw" : 12500000,
	  "datacenter": "dc1",
    },
     {
      "name": "2host02",
      "type" : "host",
      "pes" : 1,
      "mips" : 30000000,
      "ram" : 10240,
      "storage" : 10000000,
      "bw" : 12500000,
	  "datacenter": "dc1",
    },
    {
      "name": "2host03",
      "type" : "host",
      "pes" : 1,
      "mips" : 30000000,
      "ram" : 10240,
      "storage" : 10000000,
      "bw" : 12500000,
	  "datacenter": "dc1",
    },
    {
      "name": "2host04",
      "type" : "host",
      "pes" : 1,
      "mips" : 30000000,
      "ram" : 10240,
      "storage" : 10000000,
      "bw" : 12500000,
	  "datacenter": "dc1",
    },
	
	
  ],
  "links" : [
    { "source" : "gw1" , "destination" : "core" , "latency" : 1.0 },
    { "source" : "core" , "destination" : "edge1" , "latency" : 1.0 },
    { "source" : "core" , "destination" : "edge2" , "latency" : 1.0 },
    { "source" : "edge1" , "destination" : "host01" , "latency" : 1.0 },
    { "source" : "edge1" , "destination" : "host02" , "latency" : 1.0 },
    { "source" : "edge2" , "destination" : "host03" , "latency" : 1.0 },
    { "source" : "edge2" , "destination" : "host04" , "latency" : 1.0 },
	
    { "source" : "gw2" , "destination" : "2core" , "latency" : 1.0 },
	{ "source" : "2core" , "destination" : "2edge1" , "latency" : 1.0 },
    { "source" : "2core" , "destination" : "2edge2" , "latency" : 1.0 },
    { "source" : "2edge1" , "destination" : "2host01" , "latency" : 1.0 },
    { "source" : "2edge1" , "destination" : "2host02" , "latency" : 1.0 },
    { "source" : "2edge2" , "destination" : "2host03" , "latency" : 1.0 },
    { "source" : "2edge2" , "destination" : "2host04" , "latency" : 1.0 },
	
	{ "source" : "gw1" , "destination" : "inter1" , "latency" : 1.0 },
	{ "source" : "inter1" , "destination" : "inter2" , "latency" : 1.0 },
	{ "source" : "gw2" , "destination" : "inter2" , "latency" : 1.0 },

  ]
}