{
  "datacenters" : [
	{
	  "name": "edgedc"
	  "type": "cloud",
	},
	{
	  "name": "edgedc2"
	  "type": "cloud",
	},
	{
	  "name": "netcloud"
	  "type": "cloud",
	},
	{
	  "name": "internet"
	  "type": "cloud",
	},
	{
	  "name": "net",
	  "type": "network",
	},
  ],
  "nodes" : [
      {
      "name": "edgegw",
      "type" : "gateway",
      "iops" : 1000000000,
      "upports" : 1,
      "downports" : 2,
      "bw" : 12500000,
	  "datacenter": "net",
    },
      {
      "name": "edge2gw",
      "type" : "gateway",
      "iops" : 1000000000,
      "upports" : 1,
      "downports" : 2,
      "bw" : 12500000,
	  "datacenter": "net",
    },
    {
      "name": "netcloudgw",
      "type" : "gateway",
      "iops" : 1000000000,
      "upports" : 1,
      "downports" : 2,
      "bw" : 12500000,
	  "datacenter": "net",
    },
    {
      "name": "internetgw",
      "type" : "gateway",
      "iops" : 1000000000,
      "upports" : 1,
      "downports" : 2,
      "bw" : 12500000,
	  "datacenter": "net",
    },
    {
      "name": "inter1",
      "type" : "intercloud",
      "iops" : 1000000000,
      "upports" : 0,
      "downports" : 2,
      "bw" : 12500000,
	  "datacenter": "net",
    },
    {
      "name": "inter2",
      "type" : "intercloud",
      "iops" : 1000000000,
      "upports" : 0,
      "downports" : 2,
      "bw" : 12500000,
	  "datacenter": "net",
    },

  
    {
      "name": "edgegw",
      "type" : "gateway",
      "iops" : 1000000000,
      "upports" : 0,
      "downports" : 2,
      "bw" : 12500000,
	  "datacenter": "edgedc",
    },
    {
      "name": "edgecore",
      "type" : "core",
      "iops" : 1000000000,
      "upports" : 0,
      "downports" : 2,
      "bw" : 12500000,
	  "datacenter": "edgedc",
    },
    {
      "name": "edgeedge1",
      "type" : "edge",
      "iops" : 1000000000,
      "upports" : 1,
      "downports" : 4,
      "bw" : 12500000,
	  "datacenter": "edgedc",
    },
    {
      "name": "edgeedge2",
      "type" : "edge",
      "iops" : 1000000000,
      "upports" : 1,
      "downports" : 4,
      "bw" : 12500000,
	  "datacenter": "edgedc",
    },
    {
      "name": "edgeedge3",
      "type" : "edge",
      "iops" : 1000000000,
      "upports" : 1,
      "downports" : 4,
      "bw" : 12500000,
	  "datacenter": "edgedc",
    },
    {
      "name": "edgeuser1",
      "type" : "host",
      "pes" : 1,
      "mips" : 1000,
      "ram" : 10,
      "storage" : 100,
      "bw" : 12500000,
	  "datacenter": "edgedc",
    },
     {
      "name": "edgeuser2",
      "type" : "host",
      "pes" : 1,
      "mips" : 1000,
      "ram" : 10,
      "storage" : 100,
      "bw" : 12500000,
	  "datacenter": "edgedc",
    },
    {
      "name": "edgenode1",
      "type" : "host",
      "pes" : 2,
      "mips" : 2000,
      "ram" : 16384,
      "storage" : 2000,
      "bw" : 12500000,
	  "datacenter": "edgedc",
    },

	
    {
      "name": "edge2gw",
      "type" : "gateway",
      "iops" : 1000000000,
      "upports" : 0,
      "downports" : 2,
      "bw" : 12500000,
	  "datacenter": "edgedc2",
    },
    {
      "name": "edge2core",
      "type" : "core",
      "iops" : 1000000000,
      "upports" : 1,
      "downports" : 4,
      "bw" : 12500000,
	  "datacenter": "edgedc2",
    },
    {
      "name": "edge2edge1",
      "type" : "edge",
      "iops" : 1000000000,
      "upports" : 1,
      "downports" : 4,
      "bw" : 12500000,
	  "datacenter": "edgedc2",
    },
    {
      "name": "edgeuser3",
      "type" : "host",
      "type" : "host",
      "pes" : 1,
      "mips" : 1000,
      "ram" : 512,
      "storage" : 1000,
      "bw" : 12500000,
	  "datacenter": "edgedc2",
    },
	
	
    {
      "name": "netcloudgw",
      "type" : "gateway",
      "iops" : 1000000000,
      "upports" : 0,
      "downports" : 2,
      "bw" : 12500000,
	  "datacenter": "netcloud",
    },
	{
      "name": "netcloudcore",
      "type" : "core",
      "iops" : 1000000000,
      "upports" : 0,
      "downports" : 2,
      "bw" : 12500000,
	  "datacenter": "netcloud",
    },
    {
      "name": "netcloudedge1",
      "type" : "edge",
      "iops" : 1000000000,
      "upports" : 1,
      "downports" : 4,
      "bw" : 12500000,
	  "datacenter": "netcloud",
    },
    {
      "name": "netcloudedge2",
      "type" : "edge",
      "iops" : 1000000000,
      "upports" : 1,
      "downports" : 4,
      "bw" : 12500000,
	  "datacenter": "netcloud",
    },
    {
      "name": "netcloudhost1",
      "type" : "host",
      "pes" : 1,
      "mips" : 30000000,
      "ram" : 10240,
      "storage" : 10000000,
      "bw" : 12500000,
	  "datacenter": "netcloud",
    },
     {
      "name": "netcloudhost2",
      "type" : "host",
      "pes" : 1,
      "mips" : 30000000,
      "ram" : 10240,
      "storage" : 10000000,
      "bw" : 12500000,
	  "datacenter": "netcloud",
    },
    {
      "name": "netcloudhost3",
      "type" : "host",
      "pes" : 1,
      "mips" : 30000000,
      "ram" : 10240,
      "storage" : 10000000,
      "bw" : 12500000,
	  "datacenter": "netcloud",
    },
    {
      "name": "netcloudhost4",
      "type" : "host",
      "pes" : 1,
      "mips" : 30000000,
      "ram" : 10240,
      "storage" : 10000000,
      "bw" : 12500000,
	  "datacenter": "netcloud",
    },
	
	
	
    {
      "name": "internetgw",
      "type" : "gateway",
      "iops" : 1000000000,
      "upports" : 0,
      "downports" : 2,
      "bw" : 12500000,
	  "datacenter": "internet",
    },
	{
      "name": "internetcore",
      "type" : "core",
      "iops" : 1000000000,
      "upports" : 0,
      "downports" : 2,
      "bw" : 2000000000,
	  "datacenter": "internet",
    },
    {
      "name": "internetedge",
      "type" : "edge",
      "iops" : 1000000000,
      "upports" : 1,
      "downports" : 4,
      "bw" : 2000000000,
	  "datacenter": "internet",
    },
    {
      "name": "internethost",
      "type" : "host",
      "pes" : 1024,
      "mips" : 30000000,
      "ram" : 10240,
      "storage" : 10000000,
      "bw" : 12500000,
	  "datacenter": "internet",
    },
  ],
  "links" : [
	
	{ "source" : "edgegw" , "destination" : "inter1" , "latency" : 10.0 },
	{ "source" : "edge2gw" , "destination" : "inter1" , "latency" : 10.0 },
	{ "source" : "internetgw" , "destination" : "inter2" , "latency" : 100.0 },
	{ "source" : "netcloudgw" , "destination" : "inter2" , "latency" : 100.0 },
	{ "source" : "inter1" , "destination" : "inter2" , "latency" : 100.0 },

    { "source" : "edgegw" , "destination" : "edgecore" , "latency" : 1.0 },
    { "source" : "edgecore" , "destination" : "edgeedge1" , "latency" : 1.0 },
    { "source" : "edgecore" , "destination" : "edgeedge2" , "latency" : 1.0 },
    { "source" : "edgecore" , "destination" : "edgeedge3" , "latency" : 1.0 },
    { "source" : "edgeedge1" , "destination" : "edgeuser1" , "latency" : 1.0 },
    { "source" : "edgeedge2" , "destination" : "edgeuser2" , "latency" : 1.0 },
    { "source" : "edgeedge3" , "destination" : "edgenode1" , "latency" : 1.0 },
	
    { "source" : "edge2gw" , "destination" : "edge2core" , "latency" : 1.0 },
    { "source" : "edge2core" , "destination" : "edge2edge1" , "latency" : 1.0 },
    { "source" : "edge2edge1" , "destination" : "edgeuser3" , "latency" : 1.0 },

    { "source" : "netcloudgw" , "destination" : "netcloudcore" , "latency" : 1.0 },
    { "source" : "netcloudcore" , "destination" : "netcloudedge1" , "latency" : 1.0 },
    { "source" : "netcloudcore" , "destination" : "netcloudedge2" , "latency" : 1.0 },
    { "source" : "netcloudedge1" , "destination" : "netcloudhost1" , "latency" : 1.0 },
    { "source" : "netcloudedge1" , "destination" : "netcloudhost2" , "latency" : 1.0 },
    { "source" : "netcloudedge2" , "destination" : "netcloudhost3" , "latency" : 1.0 },
    { "source" : "netcloudedge2" , "destination" : "netcloudhost4" , "latency" : 1.0 },
  
    { "source" : "internetgw" , "destination" : "internetcore" , "latency" : 1.0 },
    { "source" : "internetcore" , "destination" : "internetedge" , "latency" : 1.0 },
    { "source" : "internetedge" , "destination" : "internethost" , "latency" : 1.0 },
  ]
}