atime,name.1,zeros,w.1.1,link.1.2,name.2,p.1.2,w.2.1,link.2.3,name.3,p.2.3,w.3
1,user2,0,5,user21,webserver2,1,1,,,,
2,user2,0,5,user21,webserver2,1,1,,,,
3,user2,0,5,user21,webserver2,1,1,,,,
4,user2,0,5,user21,webserver2,1,1,,,,
5,user2,0,5,user21,webserver2,1,1,,,,
6,user2,0,5,user21,webserver2,1,1,,,,
7,user2,0,5,user21,webserver2,1,1,,,,
8,user2,0,5,user21,webserver2,1,1,,,,
9,user2,0,5,user21,webserver2,1,1,,,,
10,user2,0,5,user21,webserver2,1,1,,,,
11,user2,0,5,user21,webserver2,1,1,,,,
12,user2,0,5,user21,webserver2,1,1,,,,
13,user2,0,5,user21,webserver2,1,1,,,,
14,user2,0,5,user21,webserver2,1,1,,,,
15,user2,0,5,user21,webserver2,1,1,,,,
16,user2,0,5,user21,webserver2,1,1,,,,
17,user2,0,5,user21,webserver2,1,1,,,,
18,user2,0,5,user21,webserver2,1,1,,,,
19,user2,0,5,user21,webserver2,1,1,,,,
20,user2,0,5,user21,webserver2,1,1,,,,
21,user2,0,5,user21,webserver2,1,1,,,,
22,user2,0,5,user21,webserver2,1,1,,,,
23,user2,0,5,user21,webserver2,1,1,,,,
24,user2,0,5,user21,webserver2,1,1,,,,
25,user2,0,5,user21,webserver2,1,1,,,,
26,user2,0,5,user21,webserver2,1,1,,,,
27,user2,0,5,user21,webserver2,1,1,,,,
28,user2,0,5,user21,webserver2,1,1,,,,
29,user2,0,5,user21,webserver2,1,1,,,,
30,user2,0,5,user21,webserver2,1,1,,,,
31,user2,0,5,user21,webserver2,1,1,,,,
32,user2,0,5,user21,webserver2,1,1,,,,
33,user2,0,5,user21,webserver2,1,1,,,,
34,user2,0,5,user21,webserver2,1,1,,,,
35,user2,0,5,user21,webserver2,1,1,,,,
36,user2,0,5,user21,webserver2,1,1,,,,
37,user2,0,5,user21,webserver2,1,1,,,,
38,user2,0,5,user21,webserver2,1,1,,,,
39,user2,0,5,user21,webserver2,1,1,,,,
40,user2,0,5,user21,webserver2,1,1,,,,
41,user2,0,5,user21,webserver2,1,1,,,,
42,user2,0,5,user21,webserver2,1,1,,,,
43,user2,0,5,user21,webserver2,1,1,,,,
44,user2,0,5,user21,webserver2,1,1,,,,
45,user2,0,5,user21,webserver2,1,1,,,,
46,user2,0,5,user21,webserver2,1,1,,,,
47,user2,0,5,user21,webserver2,1,1,,,,
48,user2,0,5,user21,webserver2,1,1,,,,
49,user2,0,5,user21,webserver2,1,1,,,,
50,user2,0,5,user21,webserver2,1,1,,,,
51,user2,0,5,user21,webserver2,1,1,,,,
52,user2,0,5,user21,webserver2,1,1,,,,
53,user2,0,5,user21,webserver2,1,1,,,,
54,user2,0,5,user21,webserver2,1,1,,,,
55,user2,0,5,user21,webserver2,1,1,,,,
56,user2,0,5,user21,webserver2,1,1,,,,
57,user2,0,5,user21,webserver2,1,1,,,,
58,user2,0,5,user21,webserver2,1,1,,,,
59,user2,0,5,user21,webserver2,1,1,,,,
60,user2,0,5,user21,webserver2,1,1,,,,
61,user2,0,5,user21,webserver2,1,1,,,,
62,user2,0,5,user21,webserver2,1,1,,,,
63,user2,0,5,user21,webserver2,1,1,,,,
64,user2,0,5,user21,webserver2,1,1,,,,
65,user2,0,5,user21,webserver2,1,1,,,,
66,user2,0,5,user21,webserver2,1,1,,,,
67,user2,0,5,user21,webserver2,1,1,,,,
68,user2,0,5,user21,webserver2,1,1,,,,
69,user2,0,5,user21,webserver2,1,1,,,,
70,user2,0,5,user21,webserver2,1,1,,,,
71,user2,0,5,user21,webserver2,1,1,,,,
72,user2,0,5,user21,webserver2,1,1,,,,
73,user2,0,5,user21,webserver2,1,1,,,,
74,user2,0,5,user21,webserver2,1,1,,,,
75,user2,0,5,user21,webserver2,1,1,,,,
76,user2,0,5,user21,webserver2,1,1,,,,
77,user2,0,5,user21,webserver2,1,1,,,,
78,user2,0,5,user21,webserver2,1,1,,,,
79,user2,0,5,user21,webserver2,1,1,,,,
80,user2,0,5,user21,webserver2,1,1,,,,
81,user2,0,5,user21,webserver2,1,1,,,,
82,user2,0,5,user21,webserver2,1,1,,,,
83,user2,0,5,user21,webserver2,1,1,,,,
84,user2,0,5,user21,webserver2,1,1,,,,
85,user2,0,5,user21,webserver2,1,1,,,,
86,user2,0,5,user21,webserver2,1,1,,,,
87,user2,0,5,user21,webserver2,1,1,,,,
88,user2,0,5,user21,webserver2,1,1,,,,
89,user2,0,5,user21,webserver2,1,1,,,,
90,user2,0,5,user21,webserver2,1,1,,,,
91,user2,0,5,user21,webserver2,1,1,,,,
92,user2,0,5,user21,webserver2,1,1,,,,
93,user2,0,5,user21,webserver2,1,1,,,,
94,user2,0,5,user21,webserver2,1,1,,,,
95,user2,0,5,user21,webserver2,1,1,,,,
96,user2,0,5,user21,webserver2,1,1,,,,
97,user2,0,5,user21,webserver2,1,1,,,,
98,user2,0,5,user21,webserver2,1,1,,,,
99,user2,0,5,user21,webserver2,1,1,,,,
100,user2,0,5,user21,webserver2,1,1,,,,
101,user2,0,5,user21,webserver2,1,1,,,,
102,user2,0,5,user21,webserver2,1,1,,,,
103,user2,0,5,user21,webserver2,1,1,,,,
104,user2,0,5,user21,webserver2,1,1,,,,
105,user2,0,5,user21,webserver2,1,1,,,,
106,user2,0,5,user21,webserver2,1,1,,,,
107,user2,0,5,user21,webserver2,1,1,,,,
108,user2,0,5,user21,webserver2,1,1,,,,
109,user2,0,5,user21,webserver2,1,1,,,,
110,user2,0,5,user21,webserver2,1,1,,,,
111,user2,0,5,user21,webserver2,1,1,,,,
112,user2,0,5,user21,webserver2,1,1,,,,
113,user2,0,5,user21,webserver2,1,1,,,,
114,user2,0,5,user21,webserver2,1,1,,,,
115,user2,0,5,user21,webserver2,1,1,,,,
116,user2,0,5,user21,webserver2,1,1,,,,
117,user2,0,5,user21,webserver2,1,1,,,,
118,user2,0,5,user21,webserver2,1,1,,,,
119,user2,0,5,user21,webserver2,1,1,,,,
120,user2,0,5,user21,webserver2,1,1,,,,
200,user2,0,5,user21,webserver2,1,1,,,,
